Workbook

Sheet 📋 테스트 개요
A1: Coffee Inventory ERP — QA 테스트 시나리오
A2: 버전: v1.0 | 작성일: 2026-04-27 | 대상 환경: http://57.180.22.12
A4: ▌ 테스트 범위
A5: Phase 1 | C5: 본사(admin) — 상품 등록
A6: Phase 2 | C6: 매장(teststore) — 발주 생성
A7: Phase 3 | C7: 본사(admin) — 발주 현황 확인
A8: 예외/오류 | C8: 필수 값 누락, 중복 등록, 권한 오류 등
A9: UX 체크 | C9: 사용자 관점 흐름, 피드백 메시지, 반응성
A11: ▌ 테스트 계정
A12: 역할 | B12: 이메일 | C12: 비밀번호 | D12: 권한 | E12: 담당 매장
A13: 본사 최고관리자 | B13: admin@coffee.com | C13: admin123 | D13: 전 메뉴 접근 가능 | E13: -
A14: 매장 관리자 | B14: teststore@coffee.com | C14: test123! | D14: 발주 생성·조회 | E14: 테스트매장
A16: ▌ 등록 선행 데이터 (Phase 1 시작 전 준비)
A17: 항목 | B17: 값
A18: 카테고리(대분류) | B18: 파우더 PW (기존 존재)
A19: 공급사 | B19: 테스트공급사 (신규 등록)
A20: 부재료 | B20: 요거트 파우더 1kg (신규 등록)
A21: 포장단위 | B21: 요거트 파우더 1kg / 1EA (신규 등록)
A22: 마스터 상품 | B22: 도쿄플라츠커피 브랜드에 배정 + 가격 설정
A24: ▌ 상태 표기 기준
A25: ✅ PASS | B25: 예상 결과와 실제 결과 일치
A26: ❌ FAIL | B26: 예상 결과와 실제 결과 불일치
A27: ⏭ SKIP | B27: 사전조건 미충족 또는 의도적 건너뜀

Sheet 📊 결과 요약
A1: 📊 테스트 결과 요약
A2: Phase / 시트 | B2: 전체 TC | C2: PASS ✅ | D2: FAIL ❌ | E2: SKIP ⏭ | F2: 통과율
A3: Phase 1 — 상품 등록 | B3: =COUNTA('📦 Phase1_상품등록'!A3:A1000) -> 17 | C3: =COUNTIF('📦 Phase1_상품등록'!I3:I1000,"✅ PASS") -> 0 | D3: =COUNTIF('📦 Phase1_상품등록'!I3:I1000,"❌ FAIL") -> 0 | E3: =COUNTIF('📦 Phase1_상품등록'!I3:I1000,"⏭ SKIP") -> 0 | F3: =IF(B3=0,"-",TEXT(C3/B3,"0.0%")) -> 0.0%
A4: Phase 2 — 매장 발주 | B4: =COUNTA('🛒 Phase2_매장발주'!A3:A1000) -> 11 | C4: =COUNTIF('🛒 Phase2_매장발주'!I3:I1000,"✅ PASS") -> 0 | D4: =COUNTIF('🛒 Phase2_매장발주'!I3:I1000,"❌ FAIL") -> 0 | E4: =COUNTIF('🛒 Phase2_매장발주'!I3:I1000,"⏭ SKIP") -> 0 | F4: =IF(B4=0,"-",TEXT(C4/B4,"0.0%")) -> 0.0%
A5: Phase 3 — 발주 확인 | B5: =COUNTA('🔍 Phase3_발주확인'!A3:A1000) -> 10 | C5: =COUNTIF('🔍 Phase3_발주확인'!I3:I1000,"✅ PASS") -> 0 | D5: =COUNTIF('🔍 Phase3_발주확인'!I3:I1000,"❌ FAIL") -> 0 | E5: =COUNTIF('🔍 Phase3_발주확인'!I3:I1000,"⏭ SKIP") -> 0 | F5: =IF(B5=0,"-",TEXT(C5/B5,"0.0%")) -> 0.0%
A6: 예외/오류 케이스 | B6: =COUNTA('⚠️ 예외오류케이스'!A3:A1000) -> 12 | C6: =COUNTIF('⚠️ 예외오류케이스'!I3:I1000,"✅ PASS") -> 0 | D6: =COUNTIF('⚠️ 예외오류케이스'!I3:I1000,"❌ FAIL") -> 0 | E6: =COUNTIF('⚠️ 예외오류케이스'!I3:I1000,"⏭ SKIP") -> 0 | F6: =IF(B6=0,"-",TEXT(C6/B6,"0.0%")) -> 0.0%
A7: UX 체크리스트 | B7: =COUNTA('👤 UX 체크리스트'!A3:A1000) -> 12 | C7: =COUNTIF('👤 UX 체크리스트'!I3:I1000,"✅ PASS") -> 0 | D7: =COUNTIF('👤 UX 체크리스트'!I3:I1000,"❌ FAIL") -> 0 | E7: =COUNTIF('👤 UX 체크리스트'!I3:I1000,"⏭ SKIP") -> 0 | F7: =IF(B7=0,"-",TEXT(C7/B7,"0.0%")) -> 0.0%
A8: 일괄등록·삭제·상태변경 | B8: =COUNTA('📥 일괄등록·삭제·상태변경'!A3:A1000) -> 15 | C8: =COUNTIF('📥 일괄등록·삭제·상태변경'!I3:I1000,"✅ PASS") -> 0 | D8: =COUNTIF('📥 일괄등록·삭제·상태변경'!I3:I1000,"❌ FAIL") -> 0 | E8: =COUNTIF('📥 일괄등록·삭제·상태변경'!I3:I1000,"⏭ SKIP") -> 0 | F8: =IF(B8=0,"-",TEXT(C8/B8,"0.0%")) -> 0.0%
A9: 가격관리·브랜드별차등 | B9: =COUNTA('💴 가격관리·브랜드별차등'!A3:A1000) -> 8 | C9: =COUNTIF('💴 가격관리·브랜드별차등'!I3:I1000,"✅ PASS") -> 0 | D9: =COUNTIF('💴 가격관리·브랜드별차등'!I3:I1000,"❌ FAIL") -> 0 | E9: =COUNTIF('💴 가격관리·브랜드별차등'!I3:I1000,"⏭ SKIP") -> 0 | F9: =IF(B9=0,"-",TEXT(C9/B9,"0.0%")) -> 0.0%
A10: 매장별 재고 확인 | B10: =COUNTA('📦 매장별재고확인'!A3:A1000) -> 8 | C10: =COUNTIF('📦 매장별재고확인'!I3:I1000,"✅ PASS") -> 0 | D10: =COUNTIF('📦 매장별재고확인'!I3:I1000,"❌ FAIL") -> 0 | E10: =COUNTIF('📦 매장별재고확인'!I3:I1000,"⏭ SKIP") -> 0 | F10: =IF(B10=0,"-",TEXT(C10/B10,"0.0%")) -> 0.0%
A11: 발주확인·발송처리·알림 | B11: =COUNTA('🚚 발주확인·발송처리·알림'!A3:A1000) -> 10 | C11: =COUNTIF('🚚 발주확인·발송처리·알림'!I3:I1000,"✅ PASS") -> 0 | D11: =COUNTIF('🚚 발주확인·발송처리·알림'!I3:I1000,"❌ FAIL") -> 0 | E11: =COUNTIF('🚚 발주확인·발송처리·알림'!I3:I1000,"⏭ SKIP") -> 0 | F11: =IF(B11=0,"-",TEXT(C11/B11,"0.0%")) -> 0.0%
A12: 월마감·매입관리 | B12: =COUNTA('📅 월마감·매입관리'!A3:A1000) -> 8 | C12: =COUNTIF('📅 월마감·매입관리'!I3:I1000,"✅ PASS") -> 0 | D12: =COUNTIF('📅 월마감·매입관리'!I3:I1000,"❌ FAIL") -> 0 | E12: =COUNTIF('📅 월마감·매입관리'!I3:I1000,"⏭ SKIP") -> 0 | F12: =IF(B12=0,"-",TEXT(C12/B12,"0.0%")) -> 0.0%
A13: TOTAL | B13: =SUM(B3:B12) -> 111 | C13: =SUM(C3:C12) -> 0 | D13: =SUM(D3:D12) -> 0 | E13: =SUM(E3:E12) -> 0 | F13: =IF(B13=0,"-",TEXT(C13/B13,"0.0%")) -> 0.0%

Sheet 📦 Phase1_상품등록
A1: 📦 Phase1_상품등록
A2: TC ID | B2: 모듈 | C2: 테스트 항목 | D2: 역할 | E2: 사전조건 | F2: 테스트 단계 | G2: 예상 결과 | H2: 실제 결과 | I2: 상태 | J2: 비고
A3: TC-P1-01 | B3: 공급사 | C3: 공급사 정상 등록 | D3: 본사 | E3: - 로그인 완료 - 상품관리 > 공급사 메뉴 접근 가능 | F3: 1. 상품관리 > 공급사 이동 2. [+ 공급사 등록] 클릭 3. 이름: '테스트공급사' 입력 4. 사업자번호: 123-45-67890 5. 대표자: 홍길동 6. 연락처: 02-1234-5678 7. 이메일: test@supplier.com 8. 발주방법: EMAIL 선택 9. [저장] 클릭 | G3: 공급사 목록에 '테스트공급사' 추가됨 성공 토스트 메시지 노출
A4: TC-P1-02 | B4: 공급사 | C4: 공급사 이름 필수 검증 | D4: 본사 | E4: 공급사 등록 폼 열린 상태 | F4: 1. 이름 빈칸 2. 나머지 항목 정상 입력 3. [저장] 클릭 | G4: 이름 필드 오류 표시 저장 차단 '이름은 필수 항목입니다' 류의 메시지
A5: TC-P1-03 | B5: 공급사 | C5: 공급사 중복 이름 등록 | D5: 본사 | E5: 동일 이름 공급사 이미 존재 | F5: 1. 동일 이름으로 공급사 등록 시도 2. [저장] 클릭 | G5: 중복 오류 메시지 또는 저장 차단
A6: TC-P1-04 | B6: 카테고리 | C6: 대분류 카테고리 신규 등록 | D6: 본사 | E6: 상품관리 > 카테고리 접근 가능 | F6: 1. 카테고리 관리 이동 2. 대분류 [+ 추가] 클릭 3. 이름: '음료베이스' 4. 코드: 'DB' 5. 표시 순서: 10 6. [저장] | G6: 대분류 목록에 '음료베이스 DB' 추가됨
A7: TC-P1-05 | B7: 카테고리 | C7: 카테고리 이름 필수 검증 | D7: 본사 | E7: 카테고리 등록 폼 열린 상태 | F7: 1. 이름 비우고 코드만 입력 2. [저장] 클릭 | G7: 오류 메시지 노출, 저장 차단
A8: TC-P1-06 | B8: 부재료 | C8: 부재료 정상 등록 | D8: 본사 | E8: - 카테고리(파우더 PW) 존재 - 공급사(테스트공급사) 존재 | F8: 1. 상품관리 > 부재료 이동 2. [+ 부재료 등록] 클릭 3. 이름: '요거트 파우더 1kg' 4. 카테고리: 파우더 > (중·소분류 선택 가능 시 설정) 5. 공급사: 테스트공급사 6. 기본단위: g 7. 로스율: 0 8. 단가: 5000 9. 부가세: 과세 10. 납품 가능일: 월·화·수 체크 11. [저장] | G8: 부재료 목록에 '요거트 파우더 1kg' 노출 단가·부가세·납품가능일 정확히 저장됨
A9: TC-P1-07 | B9: 부재료 | C9: 부재료 이름 필수 검증 | D9: 본사 | E9: 부재료 등록 폼 열린 상태 | F9: 1. 이름 비우고 나머지 입력 2. [저장] | G9: 이름 필드 오류, 저장 차단
A10: TC-P1-08 | B10: 부재료 | C10: 부재료 단가 음수 입력 | D10: 본사 | E10: 부재료 등록 폼 열린 상태 | F10: 1. 단가에 -1000 입력 2. [저장] | G10: 음수 불가 오류 또는 저장 차단
A11: TC-P1-09 | B11: 부재료 | C11: 공급사 미선택 저장 | D11: 본사 | E11: 부재료 등록 폼 열린 상태 | F11: 1. 공급사 선택 없이 이름·단가만 입력 2. [저장] | G11: 공급사 선택 없어도 저장 허용 여부 확인 (허용 시 목록에서 '-'로 표기되는지 확인)
A12: TC-P1-10 | B12: 부재료 | C12: 엑셀 일괄 업로드 - 정상 | D12: 본사 | E12: 재고 > 일괄 업로드 접근 가능 업로드 유형: 부재료 | F12: 1. 재고 > 일괄 업로드 이동 2. 업로드 유형: 부재료 선택 3. 템플릿 다운로드 4. 템플릿에 2개 부재료 데이터 입력 5. 파일 업로드 6. 결과 확인 | G12: 업로드 성공 메시지 부재료 목록에 2개 항목 추가됨
A13: TC-P1-11 | B13: 부재료 | C13: 엑셀 일괄 업로드 - 잘못된 형식 | D13: 본사 | E13: 일괄 업로드 화면 | F13: 1. 업로드 유형: 부재료 2. 일반 xlsx(템플릿 아님) 업로드 시도 | G13: 형식 오류 메시지 업로드 차단
A14: TC-P1-12 | B14: 포장단위 | C14: 포장단위 정상 등록 | D14: 본사 | E14: 부재료 '요거트 파우더 1kg' 등록 완료 공급사 등록 완료 | F14: 1. 상품관리 > 포장단위 이동 2. [+ 포장단위 등록] 클릭 3. 부재료명: 요거트 파우더 1kg 선택 4. 포장명: 'EA' 5. 포장당 수량: 1 6. 바코드: 1234567890 7. 박스단가: 5000 8. 공급사: 테스트공급사 선택 9. [저장] | G14: 포장단위 목록에 '요거트 파우더 1kg / EA' 노출 개당단가 자동 계산값 확인
... A19: TC-P1-17 | B19: 마스터 상품 | C19: 배정된 상품 삭제(X) 동작 | D19: 본사 | E19: 상품이 브랜드에 배정된 상태 | F19: 1. Brand Items 에서 [x] 클릭 2. 확인 또는 취소 | G19: 확인 시: 브랜드 목록에서 제거 취소 시: 유지

Sheet 🛒 Phase2_매장발주
A1: 🛒 Phase2_매장발주
A2: TC ID | B2: 모듈 | C2: 테스트 항목 | D2: 역할 | E2: 사전조건 | F2: 테스트 단계 | G2: 예상 결과 | H2: 실제 결과 | I2: 상태 | J2: 비고
A3: TC-P2-01 | B3: 발주 | C3: 매장 로그인 후 발주 메뉴 접근 | D3: 매장 | E3: - Phase 1 완료 - teststore@coffee.com 계정 활성 | F3: 1. http://57.180.22.12/login 접속 2. teststore@coffee.com / test123! 로그인 3. 발주운영 > 발주 현황 이동 | G3: 발주운영 메뉴 접근 가능 본사 전용 메뉴(설정 > 사용자관리 등) 비노출
A4: TC-P2-02 | B4: 발주 | C4: 발주 신규 생성 - 정상 | D4: 매장 | E4: - Phase 1 완료 - 도쿄플라츠커피 브랜드에 상품 배정됨 | F4: 1. 발주운영 > 발주 현황 이동 2. [발주 등록] 버튼 클릭 3. 공급사: 테스트공급사 선택 4. 납품일 선택 (발주 가능 요일 확인) 5. 상품: 요거트 파우더 1kg / EA 선택 6. 수량: 10 입력 7. [발주 확정] 또는 [저장] | G4: 발주 목록에 신규 발주 등록됨 상태: '확정' 또는 '대기' 발주번호 자동 부여됨
A5: TC-P2-03 | B5: 발주 | C5: 수량 0 입력 발주 | D5: 매장 | E5: 발주 생성 폼 열린 상태 | F5: 1. 상품 선택 2. 수량: 0 입력 3. [저장] | G5: 수량 0 불가 오류 메시지 저장 차단
A6: TC-P2-04 | B6: 발주 | C6: 수량 미입력 발주 | D6: 매장 | E6: 발주 생성 폼 열린 상태 | F6: 1. 상품 선택 2. 수량 빈 칸 3. [저장] | G6: 수량 필수 오류 저장 차단
A7: TC-P2-05 | B7: 발주 | C7: 납품일 미선택 발주 | D7: 매장 | E7: 발주 생성 폼 열린 상태 | F7: 1. 상품·수량 입력 2. 납품일 선택 안 함 3. [저장] | G7: 납품일 필수 오류 저장 차단
A8: TC-P2-06 | B8: 발주 | C8: 발주 가능 요일 제한 확인 | D8: 매장 | E8: 부재료의 납품 가능일이 월·화·수로 설정된 상태 | F8: 1. 발주 생성 시 납품일 캘린더 확인 2. 목·금·토·일 선택 시도 | G8: 납품 불가 요일 선택 차단 또는 경고 메시지 노출
A9: TC-P2-07 | B9: 발주 | C9: 발주 달력 확인 | D9: 매장 | E9: 발주 1건 이상 생성된 상태 | F9: 1. 발주운영 > 발주 달력 이동 2. 해당 납품일 확인 | G9: 납품일에 발주 건이 표시됨 상태별 색상(확정/발송됨/입고완료) 정확함
A10: TC-P2-08 | B10: 발주 | C10: 복수 상품 발주 | D10: 매장 | E10: 2개 이상 상품이 브랜드에 배정된 상태 | F10: 1. 발주 생성 2. 상품 2개 이상 추가 3. 각 수량 입력 4. 저장 | G10: 발주 1건에 복수 상품 포함됨 각 수량·단가 정확히 저장
A11: TC-P2-09 | B11: 발주 | C11: 마감 후 발주 제한 확인 | D11: 매장 | E11: 본사에서 해당 납품일 마감 실행된 상태 | F11: 1. 마감된 납품일로 발주 시도 | G11: 발주 차단 또는 경고 메시지 마감일에는 신규 발주 불가
A12: TC-P2-10 | B12: 발주 | C12: 발주 현황 필터 - 상태별 조회 | D12: 매장 | E12: 발주 2건 이상 존재 | F12: 1. 발주 현황에서 상태 필터 '확정' 선택 2. 결과 확인 | G12: 확정 상태 발주만 필터링됨
A13: TC-P2-11 | B13: 발주 | C13: 다른 브랜드 상품 노출 차단 확인 | D13: 매장 | E13: 블루마운틴 커피 전용 상품이 별도 존재 | F13: 1. 발주 상품 선택 화면에서 상품 목록 확인 | G13: 도쿄플라츠커피 브랜드 상품만 노출 타 브랜드 상품 미노출

Sheet 🔍 Phase3_발주확인
A1: 🔍 Phase3_발주확인
A2: TC ID | B2: 모듈 | C2: 테스트 항목 | D2: 역할 | E2: 사전조건 | F2: 테스트 단계 | G2: 예상 결과 | H2: 실제 결과 | I2: 상태 | J2: 비고
A3: TC-P3-01 | B3: 발주 현황 | C3: 본사 발주 현황 전체 조회 | D3: 본사 | E3: - Phase 2 발주 1건 이상 생성됨 - admin 계정 로그인 | F3: 1. 발주운영 > 발주 현황 이동 2. 전체 발주 목록 확인 | G3: Phase 2에서 생성한 발주 노출 주문번호·매장명·공급사·상태 정확 표시
A4: TC-P3-02 | B4: 발주 현황 | C4: 발주 상태 필터 조회 | D4: 본사 | E4: 발주 다수 존재 | F4: 1. 상태 필터: '확정' 선택 2. 결과 확인 3. '발송됨' 필터 변경 후 확인 | G4: 각 상태에 맞는 발주만 필터링됨
A5: TC-P3-03 | B5: 발주 현황 | C5: 매장별 필터 조회 | D5: 본사 | E5: 2개 이상 매장 발주 존재 | F5: 1. 매장 필터에서 특정 매장 선택 2. 결과 확인 | G5: 선택 매장 발주만 노출
A6: TC-P3-04 | B6: 발주 현황 | C6: 공급사별 요약 확인 | D6: 본사 | E6: 발주 1건 이상 존재 | F6: 1. 발주 현황에서 [공급사별 요약] 버튼 클릭 2. 결과 확인 | G6: 공급사별 발주 수량·금액 집계됨
A7: TC-P3-05 | B7: 마감 관리 | C7: 납품일 마감 실행 | D7: 본사 | E7: 해당 납품일에 발주가 존재 | F7: 1. 발주운영 > 마감 관리 이동 2. 납품일 입력 3. [부족 확인] 클릭 — 부족 재고 확인 4. [마감 실행] 클릭 | G7: 마감 실행 후 해당 납품일 발주 잠김 매장에서 해당일 신규 발주 불가 마감 결과 표시
A8: TC-P3-06 | B8: 마감 관리 | C8: 납품일 미입력 마감 실행 | D8: 본사 | E8: 마감 관리 화면 | F8: 1. 납품일 비우고 [마감 실행] 클릭 | G8: 날짜 필수 오류 메시지 실행 차단
A9: TC-P3-07 | B9: 수주 관리 | C9: 공급사 포탈 발주 확인 | D9: 본사 | E9: 발주 생성 완료 | F9: 1. 발주운영 > 수주 관리 이동 2. 전체 탭에서 발주 확인 3. 확정/발송됨/입고완료 탭 이동 | G9: 공급사 포탈에서 발주 항목 조회됨 탭별 상태 필터링 정상 동작
A10: TC-P3-08 | B10: 발주 현황 | C10: 주문번호 검색 | D10: 본사 | E10: 발주 존재 | F10: 1. 발주 현황 검색창에 주문번호 입력 2. 검색 | G10: 해당 주문번호 발주 1건만 노출
A11: TC-P3-09 | B11: 발주 현황 | C11: 매장명 검색 | D11: 본사 | E11: 발주 존재 | F11: 1. 검색창에 매장명 텍스트 입력 2. 검색 | G11: 해당 매장 발주만 필터링됨
A12: TC-P3-10 | B12: 재고 현황 | C12: 발주 입고 후 재고 반영 확인 | D12: 본사 | E12: 발주 상태가 '입고완료'로 처리된 상태 | F12: 1. 재고 > 재고 현황 이동 2. 해당 매장 재고 확인 | G12: 입고 수량만큼 재고 증가됨

Sheet ⚠️ 예외오류케이스
A1: ⚠️ 예외오류케이스
A2: TC ID | B2: 모듈 | C2: 테스트 항목 | D2: 역할 | E2: 사전조건 | F2: 테스트 단계 | G2: 예상 결과 | H2: 실제 결과 | I2: 상태 | J2: 비고
A3: TC-EX-01 | B3: 인증 | C3: 잘못된 비밀번호 로그인 | D3: 매장/본사 | E3: 로그인 화면 | F3: 1. 올바른 이메일 2. 틀린 비밀번호 입력 3. [로그인] | G3: 로그인 실패 메시지 계정 잠금 정책 적용 여부 확인 (5회 실패 시 등)
A4: TC-EX-02 | B4: 인증 | C4: 미존재 계정 로그인 | D4: 매장/본사 | E4: 로그인 화면 | F4: 1. 등록되지 않은 이메일 입력 2. [로그인] | G4: 계정 없음 오류 또는 일반화된 오류 메시지('이메일 또는 비밀번호를 확인하세요')
A5: TC-EX-03 | B5: 권한 | C5: 매장 계정으로 상품 등록 시도 | D5: 매장 | E5: teststore 계정 로그인 완료 | F5: 1. URL 직접 입력으로 /admin/items 접근 시도 2. 또는 메뉴에서 상품관리 접근 시도 | G5: 접근 차단 또는 권한 없음 페이지 상품관리 메뉴 비노출
A6: TC-EX-04 | B6: 권한 | C6: 매장 계정으로 사용자 관리 접근 | D6: 매장 | E6: teststore 계정 로그인 | F6: 1. /admin/settings/users 직접 접근 | G6: 접근 차단 또는 리다이렉트
A7: TC-EX-05 | B7: 상품 | C7: 이미 등록된 부재료명 중복 등록 | D7: 본사 | E7: 동일 이름 부재료 존재 | F7: 1. 동일 이름으로 부재료 등록 시도 | G7: 중복 오류 메시지 또는 저장 차단 (중복 허용 시 목록에 동일명 2건 노출 — 버그)
A8: TC-EX-06 | B8: 발주 | C8: 발주 등록 시 배정 안 된 상품 노출 확인 | D8: 매장 | E8: 특정 포장단위가 브랜드에 미배정 상태 | F8: 1. 발주 생성 상품 선택 화면 확인 | G8: 미배정 상품 미노출 배정된 상품만 선택 가능
A9: TC-EX-07 | B9: 발주 | C9: 수량 문자 입력 | D9: 매장 | E9: 발주 생성 폼 | F9: 1. 수량 필드에 'abc' 입력 2. [저장] | G9: 숫자만 입력 가능하도록 차단 또는 오류 메시지
A10: TC-EX-08 | B10: 발주 | C10: 수량 소수점 입력 | D10: 매장 | E10: 발주 생성 폼 | F10: 1. 수량 필드에 1.5 입력 2. [저장] | G10: 정수만 허용 또는 소수점 반올림 처리 여부 확인
A11: TC-EX-09 | B11: 세션 | C11: 장시간 미사용 후 작업 시도 | D11: 매장/본사 | E11: 로그인 후 30분+ 방치 | F11: 1. 장시간 방치 후 발주 저장 시도 | G11: 세션 만료 메시지 후 로그인 화면 이동 작성 중 데이터 손실 처리 확인
A12: TC-EX-10 | B12: 네트워크 | C12: 저장 중 네트워크 단절 시뮬레이션 | D12: 매장 | E12: 발주 생성 폼 입력 완료 상태 | F12: 1. 브라우저 개발자 도구 > 오프라인 모드 전환 2. [저장] 클릭 | G12: 오류 메시지 노출 중복 저장 방지 (재시도 시 동일 건 2회 저장 안 됨)
A13: TC-EX-11 | B13: 일괄업로드 | C13: 공급사 유형으로 부재료 템플릿 업로드 | D13: 본사 | E13: 일괄 업로드 화면 | F13: 1. 업로드 유형: 공급사 선택 2. 부재료 템플릿 파일 업로드 | G13: 유형 불일치 오류 메시지 업로드 차단
A14: TC-EX-12 | B14: 카테고리 | C14: 사용 중인 카테고리 삭제 시도 | D14: 본사 | E14: 해당 카테고리로 등록된 부재료 존재 | F14: 1. 카테고리 관리에서 사용 중인 항목 [삭제] 클릭 | G14: 삭제 차단 또는 연관 데이터 경고 강제 삭제 불가

Sheet 👤 UX 체크리스트
A1: 👤 UX 체크리스트
A2: TC ID | B2: 모듈 | C2: 테스트 항목 | D2: 역할 | E2: 사전조건 | F2: 테스트 단계 | G2: 예상 결과 | H2: 실제 결과 | I2: 상태 | J2: 비고
A3: TC-UX-01 | B3: 로그인 | C3: 피드백 메시지 적절성 | D3: 매장/본사 | E3: 로그인 화면 | F3: 1. 빈 폼 제출 시 메시지 확인 2. 오류 시 메시지 확인 | G3: '이메일을 입력하세요', '비밀번호를 확인하세요' 등 명확한 한국어 메시지 영어 에러 코드 원문 미노출
A4: TC-UX-02 | B4: 폼 | C4: 모달 닫기 후 데이터 초기화 | D4: 본사 | E4: 부재료 등록 폼 일부 입력 상태 | F4: 1. 폼 일부 입력 2. [취소] 또는 X 클릭 3. 다시 등록 폼 열기 | G4: 폼 내용 초기화됨 이전 입력값 잔존 없음
A5: TC-UX-03 | B5: 로딩 | C5: 재고 현황 로딩 표시 | D5: 본사 | E5: 재고 > 재고 현황 | F5: 1. 재고 현황 페이지 진입 시 로딩 상태 확인 | G5: '로딩 중...' 표시 후 데이터 렌더링 빈 화면 깜빡임 없음
A6: TC-UX-04 | B6: 반응성 | C6: 버튼 중복 클릭 방지 | D6: 매장 | E6: 발주 저장 직전 상태 | F6: 1. [저장] 버튼 빠르게 2회 연속 클릭 | G6: 발주 1건만 생성됨 버튼 비활성화 또는 중복 요청 방지
A7: TC-UX-05 | B7: 빈 상태 | C7: 데이터 없을 때 안내 문구 | D7: 본사 | E7: 발주 내역 없는 초기 상태 | F7: 1. 발주 현황, 재고 현황 등 빈 페이지 확인 | G7: '발주 내역 없음', '등록된 부재료가 없습니다' 등 적절한 안내 문구 노출 빈 테이블만 노출 아님
A8: TC-UX-06 | B8: 검색 | C8: 검색 결과 없음 처리 | D8: 본사 | E8: 발주 현황 | F8: 1. 존재하지 않는 주문번호 검색 | G8: '검색 결과 없음' 또는 빈 목록 + 안내 문구 에러 페이지 아님
A9: TC-UX-07 | B9: 네비게이션 | C9: 매장 계정 메뉴 노출 범위 | D9: 매장 | E9: teststore 로그인 | F9: 1. 사이드바 전체 메뉴 확인 | G9: 발주운영 메뉴만 노출 또는 허용 범위 내 메뉴만 노출 상품관리·설정·재무 등 관리자 메뉴 비노출
A10: TC-UX-08 | B10: 오류 메시지 | C10: 서버 오류 시 사용자 안내 | D10: 본사 | E10: 정상 로그인 상태 | F10: 1. 개발자 도구로 API 응답 강제 500 시뮬레이션 (가능 시) 2. 또는 서버 오류 유발 동작 수행 | G10: 기술적 에러 코드 미노출 '잠시 후 다시 시도해 주세요' 류의 안내문 노출
A11: TC-UX-09 | B11: 날짜 선택 | C11: 발주 달력 현재 월 표시 | D11: 매장 | E11: 발주 달력 화면 | F11: 1. 발주 달력 진입 시 기본 표시 월 확인 | G11: 현재 월(2026년 4월)이 기본 선택됨 이전/다음 버튼으로 월 이동 가능
A12: TC-UX-10 | B12: 상태 배지 | C12: 발주 상태 시각 구분 | D12: 본사 | E12: 다양한 상태의 발주 존재 | F12: 1. 발주 현황 목록에서 상태 배지 확인 2. 달력에서 색상 범례 확인 | G12: 확정(노란색)/발송됨(파란색)/입고완료(초록색) 등 색상으로 직관적 구분 색맹 사용자 고려한 텍스트 표기 병행
A13: TC-UX-11 | B13: 언어 | C13: 모든 UI 텍스트 한국어 통일 | D13: 본사/매장 | E13: 전체 화면 | F13: 1. 전체 메뉴·버튼·레이블·오류 메시지 확인 | G13: 영어 미번역 텍스트 없음 'Master Items', 'Brand Items' 등 영문 혼용 항목 허용 범위 명확히
A14: TC-UX-12 | B14: 토스트 | C14: 저장 성공·실패 피드백 | D14: 본사 | E14: 부재료 등록 직후 | F14: 1. 저장 성공 시 토스트 메시지 확인 2. 저장 실패 시 토스트 메시지 확인 | G14: 성공: 초록색 토스트 또는 명확한 성공 메시지 실패: 빨간색 토스트 또는 오류 메시지 3초 내 자동 닫힘

Sheet 📥 일괄등록·삭제·상태변경
A1: 📥 일괄등록·삭제·상태변경
A2: TC ID | B2: 모듈 | C2: 테스트 항목 | D2: 역할 | E2: 사전조건 | F2: 테스트 단계 | G2: 예상 결과 | H2: 실제 결과 | I2: 상태 | J2: 비고
A3: TC-BU-01 | B3: 일괄등록 | C3: 부재료 엑셀 업로드 — 정상 | D3: 본사 | E3: - 재고 > 일괄 업로드 접근 가능 - 업로드용 파일: 도쿄플라츠커피_물류_등록용_파일_v0_2_가격_등록_업로드용.xlsx - 파일 내 17개 상품 데이터 포함 | F3: 1. 재고 > 일괄 업로드 이동 2. 업로드 유형: 부재료 선택 3. 준비된 xlsx 파일 드래그 or 클릭 업로드 4. 업로드 결과 확인 | G3: 성공 메시지 노출 부재료 목록에 17개 항목 추가됨 각 항목의 상품코드(BEE0001 등)·카테고리·단가·부가세·로스율 정확히 저장 기본단위(EA/BOX) 구분 정확히 반영
A4: TC-BU-02 | B4: 일괄등록 | C4: 업로드 후 각 상품 상세 검증 | D4: 본사 | E4: TC-BU-01 완료 상태 | F4: 1. 부재료 목록에서 'BEE0001 카페발트 에스프레소 1kg' 선택 2. 상세 확인 3. 'DSB0001 아이스컵/92Ø/14oz' 선택 4. 상세 확인 | G4: BEE0001: 단가 30,000원, 부가세 Y, 로스율 2%, 기본단위 EA DSB0001: 단가 45,000원, 기본단위 BOX(100ea*10), 최소재고 5 규격·한국어명·영문명·일본어명 모두 정확히 저장됨
A5: TC-BU-03 | B5: 일괄등록 | C5: 상품코드 중복 업로드 — 동일 파일 재업로드 | D5: 본사 | E5: TC-BU-01 완료 (BEE0001~DSB0007 등록됨) | F5: 1. 동일 파일 재업로드 시도 | G5: 상품코드 중복 오류 메시지 노출 예: '이미 등록된 상품코드: BEE0001, BEE0002...' 또는 전체 업로드 차단 기존 데이터 덮어쓰기 없음 확인
A6: TC-BU-04 | B6: 일괄등록 | C6: 상품코드 중복 업로드 — 일부 신규+일부 중복 | D6: 본사 | E6: BEE0001 이미 등록된 상태 | F6: 1. BEE0001(중복) + NEW0001(신규) 포함된 파일 업로드 | G6: 중복 항목 오류 명시 신규 항목(NEW0001)만 등록되는지 또는 전체 롤백인지 동작 확인 부분 성공 처리 방식 문서화
A7: TC-BU-05 | B7: 일괄등록 | C7: 상품코드 컬럼 누락 파일 업로드 | D7: 본사 | E7: 일괄 업로드 화면 | F7: 1. 상품코드 컬럼 삭제한 파일 업로드 | G7: 필수 컬럼 누락 오류 메시지 업로드 차단 '상품코드는 필수 항목입니다' 류의 안내
A8: TC-BU-06 | B8: 일괄등록 | C8: 필수 컬럼(상품명) 빈 행 포함 업로드 | D8: 본사 | E8: 업로드 파일 준비 | F8: 1. 상품명이 비어있는 행 1개 포함하여 업로드 | G8: 해당 행 오류 표시 또는 전체 업로드 차단 오류 행 번호/내용 명시
A9: TC-BU-07 | B9: 일괄등록 | C9: 잘못된 카테고리값 포함 업로드 | D9: 본사 | E9: 업로드 파일 준비 | F9: 1. 카테고리 컬럼에 시스템 미등록 값('기타2') 입력하여 업로드 | G9: 카테고리 오류 메시지 또는 '기타' 카테고리로 자동 매핑 후 경고 표시
A10: TC-BU-08 | B10: 일괄등록 | C10: 단가 음수값 포함 업로드 | D10: 본사 | E10: 업로드 파일 준비 | F10: 1. 단가 컬럼에 -9000 입력한 행 포함하여 업로드 | G10: 해당 행 유효성 오류 음수 단가 차단
A11: TC-BU-09 | B11: 일괄등록 | C11: 템플릿 다운로드 검증 | D11: 본사 | E11: 재고 > 일괄 업로드 화면 | F11: 1. 업로드 유형: 부재료 선택 2. [템플릿 다운로드] 클릭 3. 다운로드된 파일 컬럼 구조 확인 | G11: 다운로드 파일의 컬럼이 업로드용 파일과 일치 필수 컬럼 표시(*)가 정확함 한국어·영어·일본어명 컬럼 포함
A12: TC-BU-10 | B12: 상품삭제 | C12: 활성 상품 삭제 | D12: 본사 | E12: BEE0001 등록된 상태 해당 상품에 연결된 발주 없음 | F12: 1. 부재료 관리에서 BEE0001 항목 찾기 2. 삭제 버튼 클릭 3. 삭제 확인 팝업에서 [확인] | G12: BEE0001 목록에서 제거 삭제 성공 토스트 메시지 취소 선택 시 유지됨
A13: TC-BU-11 | B13: 상품삭제 | C13: 발주 이력 있는 상품 삭제 시도 | D13: 본사 | E13: 특정 상품에 연결된 발주 이력 존재 | F13: 1. 해당 상품 삭제 시도 | G13: 삭제 차단 또는 경고 메시지 '발주 이력이 있는 상품은 삭제할 수 없습니다' 류 안내 소프트 삭제(비활성 처리)로 대체되는지 확인
A14: TC-BU-12 | B14: 상품삭제 | C14: 포장단위 연결된 부재료 삭제 시도 | D14: 본사 | E14: 부재료에 포장단위 연결된 상태 | F14: 1. 해당 부재료 삭제 시도 | G14: 연결된 포장단위 경고 표시 강제 삭제 불가 또는 연결 해제 후 삭제 유도
... A17: TC-BU-15 | B17: 상태변경 | C17: 포장단위 활성 상태 변경 | D17: 본사 | E17: 포장단위 등록 완료 | F17: 1. 포장단위 관리에서 대상 포장단위 상태 변경 2. 저장 | G17: 상태 변경 반영 비활성화된 포장단위는 발주 선택 목록에서 제외

Sheet 💴 가격관리·브랜드별차등
A1: 💴 가격관리·브랜드별차등
A2: TC ID | B2: 모듈 | C2: 테스트 항목 | D2: 역할 | E2: 사전조건 | F2: 테스트 단계 | G2: 예상 결과 | H2: 실제 결과 | I2: 상태 | J2: 비고
A3: TC-PR-01 | B3: 가격관리 | C3: 브랜드 상품 가격 최초 등록 | D3: 본사 | E3: - 포장단위가 두 브랜드(블루마운틴 커피 / 도쿄플라츠커피)에 배정된 상태 - 마스터 상품 화면 접근 | F3: 1. 상품관리 > 마스터 상품 이동 2. 도쿄플라츠커피 탭 선택 3. 요거트 파우더 1kg/EA [Price] 클릭 4. 가격: 9,900 입력 5. 저장 | G3: 도쿄플라츠커피 탭 해당 상품에 ¥9,900 저장 발주 화면에서 ¥9,900으로 표시
A4: TC-PR-02 | B4: 가격관리 | C4: 브랜드별 차등 가격 설정 | D4: 본사 | E4: 동일 포장단위가 두 브랜드에 배정된 상태 | F4: 1. 도쿄플라츠커피 탭 > 요거트 파우더 [Price] → 9,900 설정 2. 블루마운틴 커피 탭 > 동일 상품 [Price] → 10,500 설정 3. 각 브랜드 탭에서 가격 확인 | G4: 도쿄플라츠커피: ¥9,900 블루마운틴 커피: ¥10,500 각 브랜드 독립 가격으로 저장됨 타 브랜드 가격에 영향 없음
A5: TC-PR-03 | B5: 가격관리 | C5: 가격 수정 후 기존 발주 영향 확인 | D5: 본사 | E5: 가격 설정 후 발주 1건 이상 존재 | F5: 1. 마스터 상품에서 해당 상품 가격 수정 예: 9,900 → 11,000 2. 기존 발주 내역 확인 3. 신규 발주 생성 후 가격 확인 | G5: 기존 발주: 변경 전 가격(9,900) 유지 신규 발주: 변경 후 가격(11,000) 적용 가격 변경 이력 확인 가능 여부 확인
A6: TC-PR-04 | B6: 가격관리 | C6: 가격 0원 입력 검증 | D6: 본사 | E6: 마스터 상품 가격 설정 화면 | F6: 1. 가격에 0 입력 2. 저장 | G6: 0원 저장 허용 여부 확인 허용 시: 발주 화면에서 0원 표시 차단 시: 오류 메시지
A7: TC-PR-05 | B7: 가격관리 | C7: 가격 미설정 상품 발주 시도 | D7: 매장 | E7: 가격이 설정되지 않은 상품 존재 | F7: 1. 매장 발주 생성 시 가격 미설정 상품 선택 | G7: 가격 미설정 경고 표시 또는 '가격 미설정' 표기와 함께 발주 가능 여부 확인
A8: TC-PR-06 | B8: 가격관리 | C8: 가격 음수 입력 검증 | D8: 본사 | E8: 마스터 상품 가격 설정 화면 | F8: 1. 가격에 -5000 입력 2. 저장 | G8: 음수 입력 차단 또는 오류 메시지
A9: TC-PR-07 | B9: 가격관리 | C9: 브랜드 탭 간 가격 독립성 재확인 | D9: 본사 | E9: TC-PR-02 완료 상태 | F9: 1. 블루마운틴 커피 탭 가격 수정 2. 도쿄플라츠커피 탭 가격 확인 | G9: 블루마운틴 커피 가격 변경이 도쿄플라츠커피 가격에 영향 없음 완전 독립 저장 구조 확인
A10: TC-PR-08 | B10: 가격관리 | C10: 부가세 포함·별도 구분 표시 | D10: 본사 | E10: 부재료 등록 시 부가세: 과세(Y) 설정 | F10: 1. 마스터 상품 가격 설정 화면에서 해당 상품 가격 표시 확인 2. 발주 생성 화면에서 단가 표시 확인 | G10: 부가세 포함 여부가 가격 옆에 표시됨 예: ¥9,900 (tax incl.) 또는 ¥9,000 + tax 화면 캡처 시 일관성 확인

Sheet 📦 매장별재고확인
A1: 📦 매장별재고확인
A2: TC ID | B2: 모듈 | C2: 테스트 항목 | D2: 역할 | E2: 사전조건 | F2: 테스트 단계 | G2: 예상 결과 | H2: 실제 결과 | I2: 상태 | J2: 비고
A3: TC-ST-01 | B3: 재고현황 | C3: 본사 — 전체 매장 재고 조회 | D3: 본사 | E3: - 재고 업로드 또는 발주 입고 처리로 재고 존재 - admin 로그인 | F3: 1. 재고 > 재고 현황 이동 2. 매장 필터: '전체 매장' 선택 3. 목록 확인 | G3: 전체 매장 재고 목록 표시 매장명·상품명·현재수량·단위 정확히 표시 빈 재고 '0' 또는 '-' 표시 확인
A4: TC-ST-02 | B4: 재고현황 | C4: 매장별 필터 적용 | D4: 본사 | E4: 2개 이상 매장 재고 존재 | F4: 1. 매장 필터에서 '시부야센터가이점' 선택 2. 결과 확인 | G4: 선택 매장 재고만 표시 타 매장 재고 미노출
A5: TC-ST-03 | B5: 재고현황 | C5: 부족 재고만 조회 | D5: 본사 | E5: 최소재고수량 설정된 상품 존재 일부 상품 현재 재고 < 최소재고 | F5: 1. 재고 현황 화면에서 [부족 재고만] 버튼 클릭 | G5: 최소재고 미달 상품만 필터됨 부족 수량 강조 표시 대시보드의 '부족 재고' 카운트와 일치
A6: TC-ST-04 | B6: 재고현황 | C6: 상품 검색으로 특정 재고 조회 | D6: 본사 | E6: 재고 현황 화면 | F6: 1. 품목 검색창에 '요거트 파우더' 입력 2. 검색 | G6: 요거트 파우더 관련 재고만 필터됨 매장별 수량 확인 가능
A7: TC-ST-05 | B7: 재고현황 | C7: 재고 일괄 업로드 | D7: 본사 | E7: 재고 > 일괄 업로드 화면 업로드 유형: 재고 선택 | F7: 1. 업로드 유형: 재고 선택 2. 템플릿 다운로드 후 매장·상품·수량 입력 3. 파일 업로드 4. 재고 현황에서 반영 확인 | G7: 업로드된 수량이 각 매장 재고에 반영됨 이전 재고에 누적 또는 덮어쓰기 여부 명확히 확인
A8: TC-ST-06 | B8: 재고현황 | C8: 유통기한 경고 확인 | D8: 본사 | E8: 유통기한 임박 상품 데이터 존재 | F8: 1. 재고 > 유통기한 이동 2. 경고 현황 확인 | G8: 유통기한 임박 상품 목록 표시 매장명·상품명·유통기한 날짜 표시 '유통기한 경고를 불러오지 못했습니다' 오류 미발생 확인 | J8: ⚠️ 현재 스크린샷상 API 오류 발생 중 — 서버 로그 확인 필요
A9: TC-ST-07 | B9: 재고현황 | C9: 대시보드 매장별 재고 카드 확인 | D9: 본사 | E9: 로그인 후 대시보드 접근 | F9: 1. 대시보드 이동 2. 매장별 현황 비교 차트 확인 3. 각 매장 카드 확인 | G9: 미나미아오야마점·시부야GMO점 등 매장별 부족 재고·유통기한 경고 수 표시 차트와 카드 숫자 일치
A10: TC-ST-08 | B10: 재고현황 | C10: 본사 재고 vs 매장 재고 구분 확인 | D10: 본사 | E10: 본사 창고 재고 별도 등록된 상태 (있다면) | F10: 1. 재고 현황에서 본사 창고 재고 조회 가능 여부 확인 2. 매장 재고와 구분 표시 여부 | G10: 본사 창고 재고가 별도 항목으로 표시되거나 또는 '본사' 매장으로 등록되어 필터 가능 여부 확인 (기능 미구현 시 Gap으로 기록) | J10: 🔍 본사 재고 뷰 기능 존재 여부 확인 필요

Sheet 🚚 발주확인·발송처리·알림
A1: 🚚 발주확인·발송처리·알림
A2: TC ID | B2: 모듈 | C2: 테스트 항목 | D2: 역할 | E2: 사전조건 | F2: 테스트 단계 | G2: 예상 결과 | H2: 실제 결과 | I2: 상태 | J2: 비고
A3: TC-OR-01 | B3: 발주확인 | C3: 본사 발주 현황 — 신규 발주 실시간 확인 | D3: 본사 | E3: 매장에서 발주 1건 생성 완료 | F3: 1. 발주운영 > 발주 현황 이동 2. 최신순 정렬 확인 3. 신규 발주 항목 클릭 | G3: 매장에서 생성한 발주가 즉시 목록에 노출 주문번호·매장명·공급사·납품일·상태(확정) 표시 발주 상세: 상품명·수량·단가·합계금액 정확히 표시
A4: TC-OR-02 | B4: 발주확인 | C4: 발주 상세 내용 — 품목별 금액 확인 | D4: 본사 | E4: 발주 상세 화면 접근 | F4: 1. 발주 상세 페이지 진입 2. 품목별 수량·단가·소계 확인 3. 합계·부가세·총액 확인 | G4: 품목별 단가 × 수량 = 소계 정확 부가세 자동 계산 (과세 상품 10%) 총액 = 소계 합산 정확 (예: 요거트 파우더 10EA × ¥9,900 = ¥99,000)
A5: TC-OR-03 | B5: 발주확인 | C5: 공급사별 요약 집계 | D5: 본사 | E5: 복수 공급사 발주 존재 | F5: 1. 발주 현황 > [공급사별 요약] 클릭 2. 공급사별 발주 수·총 금액 확인 | G5: 공급사별 발주 건수·합계금액 정확히 집계 납품일 기준 필터 가능 여부 확인
A6: TC-OR-04 | B6: 발주확인 | C6: 수주 관리(공급사 포탈) 발주 수신 확인 | D6: 본사 | E6: 발주 생성 완료 | F6: 1. 발주운영 > 수주 관리 이동 2. '확정' 탭에서 신규 발주 확인 | G6: 공급사 포탈에서 확정 발주 조회됨 발주 내용(품목·수량·납품일) 확인 가능
A7: TC-OR-05 | B7: 발송처리 | C7: 발주 상태 → 발송됨 처리 | D7: 본사 | E7: 발주 상태: 확정 | F7: 1. 발주 현황 또는 수주 관리에서 해당 발주 선택 2. 상태 변경: 확정 → 발송됨 3. 발송 처리 확인 | G7: 발주 상태 '발송됨'으로 변경 발주 달력에서 해당 납품일 색상 변경 확인 변경 일시 기록 여부 확인
A8: TC-OR-06 | B8: 발송처리 | C8: 발송 처리 후 매장 알림 확인 | D8: 본사/매장 | E8: TC-OR-05 완료 (발송됨 처리) | F8: 1. 매장 계정(teststore)으로 로그인 2. 알림 아이콘 또는 발주 현황 확인 3. 이메일/앱 알림 수신 여부 확인 | G8: 매장 화면에서 발주 상태가 '발송됨'으로 업데이트됨 알림 아이콘에 뱃지 표시 여부 이메일 알림 발송 여부 (발주 방법: EMAIL 설정 시) 알림 내용: 주문번호·상품명·발송 일시 포함 | J8: 🔍 알림 구현 방식(이메일/인앱/푸시) 실제 동작 확인 필요
A9: TC-OR-07 | B9: 발송처리 | C9: 발주 상태 → 입고완료 처리 | D9: 본사 | E9: 발주 상태: 발송됨 | F9: 1. 해당 발주 상태 → 입고완료로 변경 | G9: 발주 상태 '입고완료'로 변경 재고 현황에 발주 수량만큼 자동 증가 여부 확인 (자동 재고 반영 시: 매장 재고 정확히 가산됨)
A10: TC-OR-08 | B10: 발송처리 | C10: 역순 상태 변경 시도 (입고완료 → 확정) | D10: 본사 | E10: 발주 상태: 입고완료 | F10: 1. 이미 입고완료된 발주 상태를 '확정'으로 되돌리기 시도 | G10: 상태 역행 차단 또는 경고 메시지 완료된 발주는 상태 변경 불가 확인
A11: TC-OR-09 | B11: 발주확인 | C11: 발주 달력 상태별 색상 확인 | D11: 본사 | E11: 확정·발송됨·입고완료 발주 각 1건씩 존재 | F11: 1. 발주운영 > 발주 달력 이동 2. 각 납품일에 해당 발주 표시 확인 3. 범례 색상과 실제 표시 색상 일치 여부 | G11: 확정: 노란색 / 발송됨: 파란색 / 입고완료: 초록색 범례와 실제 색상 일치 클릭 시 발주 상세 이동 가능 여부
A12: TC-OR-10 | B12: 발주확인 | C12: 마감 관리 — 부족 확인 | D12: 본사 | E12: 납품일 발주 존재 일부 상품 재고 부족 | F12: 1. 발주운영 > 마감 관리 이동 2. 납품일 입력 3. [부족 확인] 클릭 | G12: 해당 납품일 발주 대비 현재 재고 부족 상품 목록 표시 부족 수량 계산 정확 여부 확인

Sheet 📅 월마감·매입관리
A1: 📅 월마감·매입관리
A2: TC ID | B2: 모듈 | C2: 테스트 항목 | D2: 역할 | E2: 사전조건 | F2: 테스트 단계 | G2: 예상 결과 | H2: 실제 결과 | I2: 상태 | J2: 비고
A3: TC-MC-01 | B3: 월마감 | C3: 월마감 실행 전 데이터 확인 | D3: 본사 | E3: - 해당 월 발주 3건 이상 존재 - 각 발주에 상세 품목·금액 포함 - 재무 > 매입 관리 접근 | F3: 1. 재무 > 매입 관리 이동 2. 2026년 4월 선택 3. [검색] 클릭 | G3: 4월 발주 목록 표시 각 발주별: 발주번호·매장명·공급사·품목·수량·단가·소계·부가세·합계 월 합계금액 집계 표시
A4: TC-MC-02 | B4: 월마감 | C4: 월마감 실행 | D4: 본사 | E4: 해당 월 발주 처리 완료 상태 재무 > 월마감 화면 | F4: 1. 재무 > 월마감 이동 2. [월마감 실행] 버튼 클릭 3. 확인 팝업에서 [확인] | G4: 월마감 기록 생성 해당 월 매입총액·재고자산 스냅샷 저장 재무 대시보드 월별 추이 차트에 4월 데이터 반영
A5: TC-MC-03 | B5: 월마감 | C5: 월마감 후 해당 월 발주 잠금 확인 | D5: 본사 | E5: TC-MC-02 완료 상태 | F5: 1. 월마감 완료 후 4월 발주에 수정 시도 2. 또는 4월 신규 발주 생성 시도 | G5: 마감된 월의 발주 수정·추가 차단 또는 경고 메시지 표시 (기능 미구현 시 Gap으로 기록) | J5: 🔍 잠금 정책 구현 여부 확인 필요
A6: TC-MC-04 | B6: 월마감 | C6: 월마감 내 발주 상세 비용 검증 | D6: 본사 | E6: TC-MC-01 완료 상태 | F6: 1. 매입 관리에서 특정 발주 상세 진입 2. 품목별 금액 계산 확인 - 요거트 파우더 10EA × ¥9,900 = ¥99,000 - 부가세(10%) = ¥9,900 - 총액 = ¥108,900 3. 발주 합계와 매입 관리 합계 일치 여부 | G6: 품목 소계: 단가 × 수량 정확 부가세: 과세 상품 10% 자동 계산 총액 = 소계 + 부가세 정확 발주 화면 금액 = 매입 관리 금액 일치
A7: TC-MC-05 | B7: 월마감 | C7: 재고자산 평가 확인 | D7: 본사 | E7: 재고 데이터 및 단가 설정 완료 | F7: 1. 재무 > 재고자산 평가 이동 2. 총 재고자산 및 매장별 재고자산 확인 | G7: 총 재고자산 = Σ(현재 재고수량 × 단가) 매장별 자산 합계 = 총 재고자산 재무 대시보드 '총 재고자산' 수치와 일치
A8: TC-MC-06 | B8: 월마감 | C8: 재무 대시보드 월별 추이 반영 | D8: 본사 | E8: TC-MC-02 완료 | F8: 1. 재무 > 재무 대시보드 이동 2. 2026년 선택 3. 월별 추이 차트 확인 | G8: 4월 매입액·재고자산 데이터 포인트 차트에 반영 이전 월(0원) 대비 4월 수치 변화 가시화
A9: TC-MC-07 | B9: 월마감 | C9: 이미 마감된 월 재실행 시도 | D9: 본사 | E9: TC-MC-02 완료 상태 | F9: 1. 월마감 화면에서 이미 마감된 월 재실행 시도 | G9: 중복 마감 차단 또는 경고 메시지 기존 마감 데이터 덮어쓰기 없음 확인
A10: TC-MC-08 | B10: 월마감 | C10: 발주 없는 월 마감 실행 | D10: 본사 | E10: 발주가 전혀 없는 월(예: 3월) | F10: 1. 3월로 월마감 실행 시도 | G10: 발주 없는 월 마감 처리 가능 여부 확인 처리 시: 매입액 0원으로 기록 차단 시: '처리할 발주가 없습니다' 안내
